{
  "version": "v1_202509201843_yf",
  "features": [
    "price_over_sma20",
    "price_over_sma50",
    "price_over_sma200",
    "rsi_norm",
    "atr_pct",
    "atr_bucket_0",
    "atr_bucket_1",
    "atr_bucket_2",
    "atr_bucket_3",
    "atr_bucket_4"
  ],
  "intercept": -0.07209954867977451,
  "coef": [
    0.17632426376172775,
    -0.16298974337096847,
    -0.005582597244657186,
    -0.08158530160806307,
    0.08957265667208841,
    -0.5029839796722857,
    -0.24667293698370477,
    0.23455386147590512,
    0.21766427568157784,
    0.15666138700154614
  ],
  "norm": {
    "mean": {
      "price_over_sma20": 1.0000482050398984,
      "price_over_sma50": 0.9977193597301384,
      "price_over_sma200": 0.9829685234695814,
      "rsi_norm": 0.5042494497351722,
      "atr_pct": 7.641208205898071,
      "atr_bucket_0": 0.10356472795497186,
      "atr_bucket_1": 0.08330206378986867,
      "atr_bucket_2": 0.02851782363977486,
      "atr_bucket_3": 0.37373358348968105,
      "atr_bucket_4": 0.41088180112570355
    },
    "std": {
      "price_over_sma20": 0.14274229219572812,
      "price_over_sma50": 0.2247582108532116,
      "price_over_sma200": 0.39212717105990985,
      "rsi_norm": 0.17303443293191717,
      "atr_pct": 5.253620560409812,
      "atr_bucket_0": 0.30469505259945395,
      "atr_bucket_1": 0.27633825279576696,
      "atr_bucket_2": 0.16644686051297294,
      "atr_bucket_3": 0.48379416290573135,
      "atr_bucket_4": 0.4919938481621387
    }
  }
}